gender,index_type,age_months,sd_n3,sd_n2,sd_n1,median,sd_p1,sd_p2,sd_p3
L,BB_U,0,2.1,2.5,2.9,3.3,3.9,4.4,5.0
L,BB_U,1,2.9,3.4,3.9,4.5,5.1,5.8,6.6
L,BB_U,2,3.8,4.3,4.9,5.6,6.3,7.1,8.0 
L,BB_U,3,4.4,5.0,5.7,6.4,7.2,8.0,9.0 
L,BB_U,4,4.9,5.6,6.2,7.0,7.8,8.7,9.7 
L,BB_U,5,5.3,6.0,6.7,7.5,8.4,9.3,10.4 
L,BB_U,6,5.7,6.4,7.1,7.9,8.8,9.8,10.9 
L,BB_U,7,5.9,6.7,7.4,8.3,9.2,10.3,11.4 
L,BB_U,8,6.2,6.9,7.7,8.6,9.6,10.7,11.9 
L,BB_U,9,6.4,7.1,8.0,8.9,9.9,11.0,12.3 
L,BB_U,10,6.6,7.4,8.2,9.2,10.2,11.4,12.7 
L,BB_U,11,6.8,7.6,8.4,9.4,10.5,11.7,13.0 
L,BB_U,12,6.9,7.7,8.6,9.6,10.8,12.0,13.3 
L,BB_U,13,7.1,7.9,8.8,9.9,11.0,12.3,13.7 
L,BB_U,14,7.2,8.1,9.0,10.1,11.3,12.6,14.0 
L,BB_U,15,7.4,8.3,9.2,10.3,11.5,12.8,14.3 
L,BB_U,16,7.5,8.4,9.4,10.5,11.7,13.1,14.6 
L,BB_U,17,7.7,8.6,9.6,10.7,12.0,13.4,14.9 
L,BB_U,18,7.8,8.8,9.8,10.9,12.2,13.7,15.3 
L,BB_U,19,8.0,8.9,10.0,11.1,12.5,13.9,15.6 
L,BB_U,20,8.1,9.1,10.1,11.3,12.7,14.2,15.9 
L,BB_U,21,8.2,9.2,10.3,11.5,12.9,14.5,16.2 
L,BB_U,22,8.4,9.4,10.5,11.8,13.2,14.7,16.5 
L,BB_U,23,8.5,9.5,10.7,12.0,13.4,15.0,16.8 
L,BB_U,24,8.6,9.7,10.8,12.2,13.6,15.3,17.1 
L,BB_U,25,8.8,9.8,11.0,12.4,13.9,15.5,17.5 
L,BB_U,26,8.9,10.0,11.2,12.5,14.1,15.8,17.8 
L,BB_U,27,9.0,10.1,11.3,12.7,14.3,16.1,18.1 
L,BB_U,28,9.1,10.2,11.5,12.9,14.5,16.3,18.4 
L,BB_U,29,9.2,10.4,11.7,13.1,14.8,16.6,18.7 
L,BB_U,30,9.4,10.5,11.8,13.3,15.0,16.9,19.0 
L,BB_U,31,9.5,10.7,12.0,13.5,15.2,17.1,19.3 
L,BB_U,32,9.6,10.8,12.1,13.7,15.4,17.4,19.6 
L,BB_U,33,9.7,10.9,12.3,13.8,15.6,17.6,19.9 
L,BB_U,34,9.8,11.0,12.4,14.0,15.8,17.8,20.2 
L,BB_U,35,9.9,11.2,12.6,14.2,16.0,18.1,20.4 
L,BB_U,36,10.0,11.3,12.7,14.3,16.2,18.3,20.7 
L,BB_U,37,10.1,11.4,12.9,14.5,16.4,18.6,21.0 
L,BB_U,38,10.2,11.5,13.0,14.7,16.6,18.8,21.3 
L,BB_U,39,10.3,11.6,13.1,14.8,16.8,19.0,21.6 
L,BB_U,40,10.4,11.8,13.3,15.0,17.0,19.3,21.9 
L,BB_U,41,10.5,11.9,13.4,15.2,17.2,19.5,22.1 
L,BB_U,42,10.6,12.0,13.6,15.3,17.4,19.7,22.4 
L,BB_U,43,10.7,12.1,13.7,15.5,17.6,20.0,22.7 
L,BB_U,44,10.8,12.2,13.8,15.7,17.8,20.2,23.0 
L,BB_U,45,10.9,12.4,14.0,15.8,18.0,20.5,23.3 
L,BB_U,46,11.0,12.5,14.1,16.0,18.2,20.7,23.6 
L,BB_U,47,11.1,12.6,14.3,16.2,18.4,20.9,23.9 
L,BB_U,48,11.2,12.7,14.4,16.3,18.6,21.2,24.2 
L,BB_U,49,11.3,12.8,14.5,16.5,18.8,21.4,24.5 
L,BB_U,50,11.4,12.9,14.7,16.7,19.0,21.7,24.8 
L,BB_U,51,11.5,13.1,14.8,16.8,19.2,21.9,25.1 
L,BB_U,52,11.6,13.2,15.0,17.0,19.4,22.2,25.4 
L,BB_U,53,11.7,13.3,15.1,17.2,19.6,22.4,25.7 
L,BB_U,54,11.8,13.4,15.2,17.3,19.8,22.7,26.0 
L,BB_U,55,11.9,13.5,15.4,17.5,20.0,22.9,26.3 
L,BB_U,56,12.0,13.6,15.5,17.7,20.2,23.2,26.6 
L,BB_U,57,12.1,13.7,15.6,17.8,20.4,23.4,26.9 
L,BB_U,58,12.2,13.8,15.8,18.0,20.6,23.7,27.2 
L,BB_U,59,12.3,14.0,15.9,18.2,20.8,23.9,27.6 
L,BB_U,60,12.4,14.1,16.0,18.3,21.0,24.2,27.9 

L,PB_U,0,44.2,46.1,48.0,49.9,51.8,53.7,55.6
L,PB_U,1,48.9,50.8,52.8,54.7,56.7,58.6,60.6 
L,PB_U,2,52.4,54.4,56.4,58.4,60.4,62.4,64.4 
L,PB_U,3,55.3,57.3,59.4,61.4,63.5,65.5,67.6 
L,PB_U,4,57.6,59.7,61.8,63.9,66.0,68.0,70.1 
L,PB_U,5,59.6,61.7,63.8,65.9,68.0,70.1,72.2 
L,PB_U,6,61.2,63.3,65.5,67.6,69.8,71.9,74.0 
L,PB_U,7,62.7,64.8,67.0,69.2,71.3,73.5,75.7 
L,PB_U,8,64.0,66.2,68.4,70.6,72.8,75.0,77.2 
L,PB_U,9,65.2,67.5,69.7,72.0,74.2,76.5,78.7 
L,PB_U,10,66.4,68.7,71.0,73.3,75.6,77.9,80.1 
L,PB_U,11,67.6,69.9,72.2,74.5,76.9,79.2,81.5 
L,PB_U,12,68.6,71.0,73.4,75.7,78.1,80.5,82.9 
L,PB_U,13,69.6,72.1,74.5,76.9,79.3,81.8,84.2 
L,PB_U,14,70.6,73.1,75.6,78.0,80.5,83.0,85.5 
L,PB_U,15,71.6,74.1,76.6,79.1,81.7,84.2,86.7 
L,PB_U,16,72.5,75.0,77.6,80.2,82.8,85.4,88.0 
L,PB_U,17,73.3,76.0,78.6,81.2,83.9,86.5,89.2 
L,PB_U,18,74.2,76.9,79.6,82.3,85.0,87.7,90.4 
L,PB_U,19,75.0,77.7,80.5,83.2,86.0,88.8,91.5 
L,PB_U,20,75.8,78.6,81.4,84.2,87.0,89.8,92.6 
L,PB_U,21,76.5,79.4,82.3,85.1,88.0,90.9,93.8 
L,PB_U,22,77.2,80.2,83.1,86.0,89.0,91.9,94.9 
L,PB_U,23,78.0,81.0,83.9,86.9,89.9,92.9,95.9 
L,PB_U,24,78.7,81.7,84.8,87.8,90.9,93.9,97.0

L,TB_U,24,78.0,81.0,84.1,87.1,90.2,93.2,96.3
L,TB_U,25,78.6,81.7,84.9,88.0,91.1,94.2,97.3 
L,TB_U,26,79.3,82.5,85.6,88.8,92.0,95.2,98.3 
L,TB_U,27,79.9,83.1,86.4,89.6,92.9,96.1,99.3 
L,TB_U,28,80.5,83.8,87.1,90.4,93.7,97.0,100.3 
L,TB_U,29,81.1,84.5,87.8,91.2,94.5,97.9,101.2 
L,TB_U,30,81.7,85.1,88.5,91.9,95.3,98.7,102.1 
L,TB_U,31,82.3,85.7,89.2,92.7,96.1,99.6,103.0 
L,TB_U,32,82.8,86.4,89.9,93.4,96.9,100.4,103.9 
L,TB_U,33,83.4,86.9,90.5,94.1,97.6,101.2,104.8 
L,TB_U,34,83.9,87.5,91.1,94.8,98.4,102.0,105.6 
L,TB_U,35,84.4,88.1,91.8,95.4,99.1,102.7,106.4 
L,TB_U,36,85.0,88.7,92.4,96.1,99.8,103.5,107.2 
L,TB_U,37,85.5,89.2,93.0,96.7,100.5,104.2,108.0 
L,TB_U,38,86.0,89.8,93.6,97.4,101.2,105.0,108.8 
L,TB_U,39,86.5,90.3,94.2,98.0,101.8,105.7,109.5 
L,TB_U,40,87.0,90.9,94.7,98.6,102.5,106.4,110.3 
L,TB_U,41,87.5,91.4,95.3,99.2,103.2,107.1,111.0 
L,TB_U,42,88.0,91.9,95.9,99.9,103.8,107.8,111.7 
L,TB_U,43,88.4,92.4,96.4,100.4,104.5,108.5,112.5 
L,TB_U,44,88.9,93.0,97.0,101.0,105.1,109.1,113.2 
L,TB_U,45,89.4,93.5,97.5,101.6,105.7,109.8,113.9 
L,TB_U,46,89.8,94.0,98.1,102.2,106.3,110.4,114.6 
L,TB_U,47,90.3,94.4,98.6,102.8,106.9,111.1,115.2 
L,TB_U,48,90.7,94.9,99.1,103.3,107.5,111.7,115.9 
L,TB_U,49,91.2,95.4,99.7,103.9,108.1,112.4,116.6 
L,TB_U,50,91.6,95.9,100.2,104.4,108.7,113.0,117.3 
L,TB_U,51,92.1,96.4,100.7,105.0,109.3,113.6,117.9 
L,TB_U,52,92.5,96.9,101.2,105.6,109.9,114.2,118.6 
L,TB_U,53,93.0,97.4,101.7,106.1,110.5,114.9,119.2 
L,TB_U,54,93.4,97.8,102.3,106.7,111.1,115.5,119.9 
L,TB_U,55,93.9,98.3,102.8,107.2,111.7,116.1,120.6 
L,TB_U,56,94.3,98.8,103.3,107.8,112.3,116.7,121.2 
L,TB_U,57,94.7,99.3,103.8,108.3,112.8,117.4,121.9 
L,TB_U,58,95.2,99.7,104.3,108.9,113.4,118.0,122.6 
L,TB_U,59,95.6,100.2,104.8,109.4,114.0,118.6,123.2 
L,TB_U,60,96.1,100.7,105.3,110.0,114.6,119.2,123.9 

L,IMT_U,0,10.2,11.1,12.2,13.4,14.8,16.3,18.1
L,IMT_U,1,11.3,12.4,13.6,14.9,16.3,17.8,19.4 
L,IMT_U,2,12.5,13.7,15.0,16.3,17.8,19.4,21.1 
L,IMT_U,3,13.1,14.3,15.5,16.9,18.4,20.0,21.8 
L,IMT_U,4,13.4,14.5,15.8,17.2,18.7,20.3,22.1 
L,IMT_U,5,13.5,14.7,15.9,17.3,18.8,20.5,22.3 
L,IMT_U,6,13.6,14.7,16.0,17.3,18.8,20.5,22.3 
L,IMT_U,7,13.7,14.8,16.0,17.3,18.8,20.5,22.3 
L,IMT_U,8,13.6,14.7,15.9,17.3,18.7,20.4,22.2 
L,IMT_U,9,13.6,14.7,15.8,17.2,18.6,20.3,22.1 
L,IMT_U,10,13.5,14.6,15.7,17.0,18.5,20.1,22.0 
L,IMT_U,11,13.4,14.5,15.6,16.9,18.4,20.0,21.8 
L,IMT_U,12,13.4,14.4,15.5,16.8,18.2,19.8,21.6 
L,IMT_U,13,13.3,14.3,15.4,16.7,18.1,19.7,21.5 
L,IMT_U,14,13.2,14.2,15.3,16.6,18.0,19.5,21.3 
L,IMT_U,15,13.1,14.1,15.2,16.4,17.8,19.4,21.2 
L,IMT_U,16,13.1,14.0,15.1,16.3,17.7,19.3,21.0 
L,IMT_U,17,13.0,13.9,15.0,16.2,17.6,19.1,20.9 
L,IMT_U,18,12.9,13.9,14.9,16.1,17.5,19.0,20.8 
L,IMT_U,19,12.9,13.8,14.9,16.1,17.4,18.9,20.7 
L,IMT_U,20,12.8,13.7,14.8,16.0,17.3,18.8,20.6 
L,IMT_U,21,12.8,13.7,14.7,15.9,17.2,18.7,20.5 
L,IMT_U,22,12.7,13.6,14.7,15.8,17.2,18.7,20.4 
L,IMT_U,23,12.7,13.6,14.6,15.8,17.1,18.6,20.3 
L,IMT_U,24,12.7,13.6,14.6,15.7,17.0,18.5,20.3
L,IMT_U,25,12.9,13.8,14.8,16.0,17.3,18.9,20.6 
L,IMT_U,26,12.8,13.8,14.8,16.0,17.3,18.8,20.5 
L,IMT_U,27,12.7,13.7,14.7,15.9,17.2,18.7,20.4 
L,IMT_U,28,12.7,13.6,14.7,15.9,17.2,18.7,20.4 
L,IMT_U,29,12.7,13.6,14.7,15.8,17.1,18.6,20.3 
L,IMT_U,30,12.6,13.6,14.6,15.8,17.1,18.6,20.2 
L,IMT_U,31,12.6,13.5,14.6,15.8,17.1,18.5,20.2 
L,IMT_U,32,12.5,13.5,14.6,15.7,17.0,18.5,20.1 
L,IMT_U,33,12.5,13.5,14.5,15.7,17.0,18.5,20.1 
L,IMT_U,34,12.5,13.4,14.5,15.7,17.0,18.4,20.0 
L,IMT_U,35,12.4,13.4,14.5,15.6,16.9,18.4,20.0 
L,IMT_U,36,12.4,13.4,14.4,15.6,16.9,18.4,20.0 
L,IMT_U,37,12.4,13.3,14.4,15.6,16.9,18.3,19.9 
L,IMT_U,38,12.3,13.3,14.4,15.5,16.8,18.3,19.9 
L,IMT_U,39,12.3,13.3,14.3,15.5,16.8,18.3,19.9 
L,IMT_U,40,12.3,13.2,14.3,15.5,16.8,18.2,19.9 
L,IMT_U,41,12.2,13.2,14.3,15.5,16.8,18.2,19.9 
L,IMT_U,42,12.2,13.2,14.3,15.4,16.8,18.2,19.8 
L,IMT_U,43,12.2,13.2,14.2,15.4,16.7,18.2,19.8 
L,IMT_U,44,12.2,13.1,14.2,15.4,16.7,18.2,19.8 
L,IMT_U,45,12.1,13.1,14.2,15.4,16.7,18.2,19.8 
L,IMT_U,46,12.1,13.1,14.2,15.3,16.7,18.2,19.9 
L,IMT_U,47,12.1,13.1,14.1,15.3,16.7,18.2,19.9 
L,IMT_U,48,12.1,13.0,14.1,15.3,16.7,18.2,19.9 
L,IMT_U,49,12.1,13.0,14.1,15.3,16.7,18.2,19.9 
L,IMT_U,50,12.1,13.0,14.1,15.3,16.7,18.2,19.9 
L,IMT_U,51,12.1,13.0,14.1,15.3,16.6,18.2,19.9 
L,IMT_U,52,12.0,13.0,14.1,15.3,16.6,18.2,19.9 
L,IMT_U,53,12.0,13.0,14.1,15.3,16.6,18.2,20.0 
L,IMT_U,54,12.0,13.0,14.0,15.3,16.6,18.2,20.0
L,IMT_U,55,12.0,13.0,14.0,15.2,16.6,18.2,20.0 
L,IMT_U,56,12.0,12.9,14.0,15.2,16.6,18.2,20.1 
L,IMT_U,57,12.0,12.9,14.0,15.2,16.6,18.2,20.1 
L,IMT_U,58,12.0,12.9,14.0,15.2,16.6,18.3,20.2 
L,IMT_U,59,12.0,12.9,14.0,15.2,16.6,18.3,20.2 
L,IMT_U,60,12.0,12.9,14.0,15.2,16.6,18.3,20.3 

P,BB_U,0,2.0,2.4,2.8,3.2,3.7,4.2,4.8
P,BB_U,1,2.7,3.2,3.6,4.2,4.8,5.5,6.2 
P,BB_U,2,3.4,3.9,4.5,5.1,5.8,6.6,7.5 
P,BB_U,3,4.0,4.5,5.2,5.8,6.6,7.5,8.5 
P,BB_U,4,4.4,5.0,5.7,6.4,7.3,8.2,9.3 
P,BB_U,5,4.8,5.4,6.1,6.9,7.8,8.8,10.0 
P,BB_U,6,5.1,5.7,6.5,7.3,8.2,9.3,10.6 
P,BB_U,7,5.3,6.0,6.8,7.6,8.6,9.8,11.1 
P,BB_U,8,5.6,6.3,7.0,7.9,9.0,10.2,11.6 
P,BB_U,9,5.8,6.5,7.3,8.2,9.3,10.5,12.0 
P,BB_U,10,5.9,6.7,7.5,8.5,9.6,10.9,12.4 
P,BB_U,11,6.1,6.9,7.7,8.7,9.9,11.2,12.8 
P,BB_U,12,6.3,7.0,7.9,8.9,10.1,11.5,13.1 
P,BB_U,13,6.4,7.2,8.1,9.2,10.4,11.8,13.5 
P,BB_U,14,6.6,7.4,8.3,9.4,10.6,12.1,13.8 
P,BB_U,15,6.7,7.6,8.5,9.6,10.9,12.4,14.1 
P,BB_U,16,6.9,7.7,8.7,9.8,11.1,12.6,14.5 
P,BB_U,17,7.0,7.9,8.9,10.0,11.4,12.9,14.8 
P,BB_U,18,7.2,8.1,9.1,10.2,11.6,13.2,15.1 
P,BB_U,19,7.3,8.2,9.2,10.4,11.8,13.5,15.4 
P,BB_U,20,7.5,8.4,9.4,10.6,12.1,13.7,15.7 
P,BB_U,21,7.6,8.6,9.6,10.9,12.3,14.0,16.0 
P,BB_U,22,7.8,8.7,9.8,11.1,12.5,14.3,16.4 
P,BB_U,23,7.9,8.9,10.0,11.3,12.8,14.6,16.7 
P,BB_U,24,8.1,9.0,10.2,11.5,13.0,14.8,17.0 
P,BB_U,25,8.2,9.2,10.3,11.7,13.3,15.1,17.3 
P,BB_U,26,8.4,9.4,10.5,11.9,13.5,15.4,17.7 
P,BB_U,27,8.5,9.5,10.7,12.1,13.7,15.7,18.0 
P,BB_U,28,8.6,9.7,10.9,12.3,14.0,16.0,18.3 
P,BB_U,29,8.8,9.8,11.1,12.5,14.2,16.2,18.7 
P,BB_U,30,8.9,10.0,11.2,12.7,14.4,16.5,19.0 
P,BB_U,31,9.0,10.1,11.4,12.9,14.7,16.8,19.3 
P,BB_U,32,9.1,10.3,11.6,13.1,14.9,17.1,19.6 
P,BB_U,33,9.3,10.4,11.7,13.3,15.1,17.3,20.0 
P,BB_U,34,9.4,10.5,11.9,13.5,15.4,17.6,20.3 
P,BB_U,35,9.5,10.7,12.0,13.7,15.6,17.9,20.6 
P,BB_U,36,9.6,10.8,12.2,13.9,15.8,18.1,20.9 
P,BB_U,37,9.7,10.9,12.4,14.0,16.0,18.4,21.3 
P,BB_U,38,9.8,11.1,12.5,14.2,16.3,18.7,21.6 
P,BB_U,39,9.9,11.2,12.7,14.4,16.5,19.0,22.0 
P,BB_U,40,10.1,11.3,12.8,14.6,16.7,19.2,22.3 
P,BB_U,41,10.2,11.5,13.0,14.8,16.9,19.5,22.7 
P,BB_U,42,10.3,11.6,13.1,15.0,17.2,19.8,23.0 
P,BB_U,43,10.4,11.7,13.3,15.2,17.4,20.1,23.4 
P,BB_U,44,10.5,11.8,13.4,15.3,17.6,20.4,23.7 
P,BB_U,45,10.6,12.0,13.6,15.5,17.8,20.7,24.1 
P,BB_U,46,10.7,12.1,13.7,15.7,18.1,20.9,24.5 
P,BB_U,47,10.8,12.2,13.9,15.9,18.3,21.2,24.8 
P,BB_U,48,10.9,12.3,14.0,16.1,18.5,21.5,25.2 
P,BB_U,49,11.0,12.4,14.2,16.3,18.8,21.8,25.5 
P,BB_U,50,11.1,12.6,14.3,16.4,19.0,22.1,25.9 
P,BB_U,51,11.2,12.7,14.5,16.6,19.2,22.4,26.3 
P,BB_U,52,11.3,12.8,14.6,16.8,19.4,22.6,26.6
P,BB_U,53,11.4,12.9,14.8,17.0,19.7,22.9,27.0 
P,BB_U,54,11.5,13.0,14.9,17.2,19.9,23.2,27.4 
P,BB_U,55,11.6,13.2,15.1,17.3,20.1,23.5,27.7 
P,BB_U,56,11.7,13.3,15.2,17.5,20.3,23.8,28.1 
P,BB_U,57,11.8,13.4,15.3,17.7,20.6,24.1,28.5 
P,BB_U,58,11.9,13.5,15.5,17.9,20.8,24.4,28.8 
P,BB_U,59,12.0,13.6,15.6,18.0,21.0,24.6,29.2 
P,BB_U,60,12.1,13.7,15.8,18.2,21.2,24.9,29.5 

P,PB_U,0,43.6,45.4,47.3,49.1,51.0,52.9,54.7
P,PB_U,1,47.8,49.8,51.7,53.7,55.6,57.6,59.5 
P,PB_U,2,51.0,53.0,55.0,57.1,59.1,61.1,63.2 
P,PB_U,3,53.5,55.6,57.7,59.8,61.9,64.0,66.1 
P,PB_U,4,55.6,57.8,59.9,62.1,64.3,66.4,68.6 
P,PB_U,5,57.4,59.6,61.8,64.0,66.2,68.5,70.7 
P,PB_U,6,58.9,61.2,63.5,65.7,68.0,70.3,72.5 
P,PB_U,7,60.3,62.7,65.0,67.3,69.6,71.9,74.2 
P,PB_U,8,61.7,64.0,66.4,68.7,71.1,73.5,75.8 
P,PB_U,9,62.9,65.3,67.7,70.1,72.6,75.0,77.4 
P,PB_U,10,64.1,66.5,69.0,71.5,73.9,76.4,78.9 
P,PB_U,11,65.2,67.7,70.3,72.8,75.3,77.8,80.3 
P,PB_U,12,66.3,68.9,71.4,74.0,76.6,79.2,81.7 
P,PB_U,13,67.3,70.0,72.6,75.2,77.8,80.5,83.1 
P,PB_U,14,68.3,71.0,73.7,76.4,79.1,81.7,84.4 
P,PB_U,15,69.3,72.0,74.8,77.5,80.2,83.0,85.7 
P,PB_U,16,70.2,73.0,75.8,78.6,81.4,84.2,87.0 
P,PB_U,17,71.1,74.0,76.8,79.7,82.5,85.4,88.2 
P,PB_U,18,72.0,74.9,77.8,80.7,83.6,86.5,89.4
P,PB_U,19,72.8,75.8,78.8,81.7,84.7,87.6,90.6 
P,PB_U,20,73.7,76.7,79.7,82.7,85.7,88.7,91.7 
P,PB_U,21,74.5,77.5,80.6,83.7,86.7,89.8,92.9 
P,PB_U,22,75.2,78.4,81.5,84.6,87.7,90.8,94.0 
P,PB_U,23,76.0,79.2,82.3,85.5,88.7,91.9,95.0 
P,PB_U,24,76.7,80.0,83.2,86.4,89.6,92.9,96.1

P,TB_U,24,76.0,79.3,82.5,85.7,88.9,92.2,95.4 
P,TB_U,25,76.8,80.0,83.3,86.6,89.9,93.1,96.4 
P,TB_U,26,77.5,80.8,84.1,87.4,90.8,94.1,97.4 
P,TB_U,27,78.1,81.5,84.9,88.3,91.7,95.0,98.4 
P,TB_U,28,78.8,82.2,85.7,89.1,92.5,96.0,99.4 
P,TB_U,29,79.5,82.9,86.4,89.9,93.4,96.9,100.3 
P,TB_U,30,80.1,83.6,87.1,90.7,94.2,97.7,101.3 
P,TB_U,31,80.7,84.3,87.9,91.4,95.0,98.6,102.2 
P,TB_U,32,81.3,84.9,88.6,92.2,95.8,99.4,103.1 
P,TB_U,33,81.9,85.6,89.3,92.9,96.6,100.3,103.9 
P,TB_U,34,82.5,86.2,89.9,93.6,97.4,101.1,104.8 
P,TB_U,35,83.1,86.8,90.6,94.4,98.1,101.9,105.6 
P,TB_U,36,83.6,87.4,91.2,95.1,98.9,102.7,106.5 
P,TB_U,37,84.2,88.0,91.9,95.7,99.6,103.4,107.3 
P,TB_U,38,84.7,88.6,92.5,96.4,100.3,104.2,108.1 
P,TB_U,39,85.3,89.2,93.1,97.1,101.0,105.0,108.9 
P,TB_U,40,85.8,89.8,93.8,97.7,101.7,105.7,109.7 
P,TB_U,41,86.3,90.4,94.4,98.4,102.4,106.4,110.5 
P,TB_U,42,86.8,90.9,95.0,99.0,103.1,107.2,111.2 
P,TB_U,43,87.4,91.5,95.6,99.7,103.8,107.9,112.0
P,TB_U,44,87.9,92.0,96.2,100.3,104.5,108.6,112.7 
P,TB_U,45,88.4,92.5,96.7,100.9,105.1,109.3,113.5 
P,TB_U,46,88.9,93.1,97.3,101.5,105.8,110.0,114.2 
P,TB_U,47,89.3,93.6,97.9,102.1,106.4,110.7,114.9 
P,TB_U,48,89.8,94.1,98.4,102.7,107.0,111.3,115.7 
P,TB_U,49,90.3,94.6,99.0,103.3,107.7,112.0,116.4 
P,TB_U,50,90.7,95.1,99.5,103.9,108.3,112.7,117.1 
P,TB_U,51,91.2,95.6,100.1,104.5,108.9,113.3,117.7 
P,TB_U,52,91.7,96.1,100.6,105.0,109.5,114.0,118.4 
P,TB_U,53,92.1,96.6,101.1,105.6,110.1,114.6,119.1 
P,TB_U,54,92.6,97.1,101.6,106.2,110.7,115.2,119.8 
P,TB_U,55,93.0,97.6,102.2,106.7,111.3,115.9,120.4 
P,TB_U,56,93.4,98.1,102.7,107.3,111.9,116.5,121.1 
P,TB_U,57,93.9,98.5,103.2,107.8,112.5,117.1,121.8 
P,TB_U,58,94.3,99.0,103.7,108.4,113.0,117.7,122.4 
P,TB_U,59,94.7,99.5,104.2,108.9,113.6,118.3,123.1 
P,TB_U,60,95.2,99.9,104.7,109.4,114.2,118.9,123.7

P,IMT_U,0,10.1,11.1,12.2,13.3,14.6,16.1,17.7 
P,IMT_U,1,10.8,12.0,13.2,14.6,16.0,17.5,19.1 
P,IMT_U,2,11.8,13.0,14.3,15.8,17.3,19.0,20.7 
P,IMT_U,3,12.4,13.6,14.9,16.4,17.9,19.7,21.5 
P,IMT_U,4,12.7,13.9,15.2,16.7,18.3,20.0,22.0 
P,IMT_U,5,12.9,14.1,15.4,16.8,18.4,20.2,22.2 
P,IMT_U,6,13.0,14.1,15.5,16.9,18.5,20.3,22.3 
P,IMT_U,7,13.0,14.2,15.5,16.9,18.5,20.3,22.3 
P,IMT_U,8,13.0,14.1,15.4,16.8,18.4,20.2,22.2 
P,IMT_U,9,12.9,14.1,15.3,16.7,18.3,20.1,22.1 
P,IMT_U,10,12.9,14.0,15.2,16.6,18.2,19.9,21.9 
P,IMT_U,11,12.8,13.9,15.1,16.5,18.0,19.8,21.8 
P,IMT_U,12,12.7,13.8,15.0,16.4,17.9,19.6,21.6 
P,IMT_U,13,12.6,13.7,14.9,16.2,17.7,19.5,21.4 
P,IMT_U,14,12.6,13.6,14.8,16.1,17.6,19.3,21.3 
P,IMT_U,15,12.5,13.5,14.7,16.0,17.5,19.2,21.1 
P,IMT_U,16,12.4,13.5,14.6,15.9,17.4,19.1,21.0 
P,IMT_U,17,12.4,13.4,14.5,15.8,17.3,18.9,20.9 
P,IMT_U,18,12.3,13.3,14.4,15.7,17.2,18.8,20.8 
P,IMT_U,19,12.3,13.3,14.4,15.7,17.1,18.8,20.7 
P,IMT_U,20,12.2,13.2,14.3,15.6,17.0,18.7,20.6 
P,IMT_U,21,12.2,13.2,14.3,15.5,17.0,18.6,20.5 
P,IMT_U,22,12.2,13.1,14.2,15.5,16.9,18.5,20.4 
P,IMT_U,23,12.2,13.1,14.2,15.4,16.9,18.5,20.4 
P,IMT_U,24,12.1,13.1,14.2,15.4,16.8,18.4,20.3 
P,IMT_U,25,12.4,13.3,14.4,15.7,17.1,18.7,20.6 
P,IMT_U,26,12.3,13.3,14.4,15.6,17.0,18.7,20.6 
P,IMT_U,27,12.3,13.3,14.4,15.6,17.0,18.6,20.5 
P,IMT_U,28,12.3,13.3,14.3,15.6,17.0,18.6,20.5 
P,IMT_U,29,12.3,13.2,14.3,15.6,17.0,18.6,20.4 
P,IMT_U,30,12.3,13.2,14.3,15.5,16.9,18.5,20.4 
P,IMT_U,31,12.2,13.2,14.3,15.5,16.9,18.5,20.4 
P,IMT_U,32,12.2,13.2,14.3,15.5,16.9,18.5,20.4 
P,IMT_U,33,12.2,13.1,14.2,15.5,16.9,18.5,20.3 
P,IMT_U,34,12.2,13.1,14.2,15.4,16.8,18.5,20.3 
P,IMT_U,35,12.1,13.1,14.2,15.4,16.8,18.4,20.3 
P,IMT_U,36,12.1,13.1,14.2,15.4,16.8,18.4,20.3 
P,IMT_U,37,12.1,13.1,14.1,15.4,16.8,18.4,20.3 
P,IMT_U,38,12.1,13.0,14.1,15.4,16.8,18.4,20.3 
P,IMT_U,39,12.0,13.0,14.1,15.3,16.8,18.4,20.3 
P,IMT_U,40,12.0,13.0,14.1,15.3,16.8,18.4,20.3 
P,IMT_U,41,12.0,13.0,14.1,15.3,16.8,18.4,20.4 
P,IMT_U,42,12.0,12.9,14.0,15.3,16.8,18.4,20.4 
P,IMT_U,43,11.9,12.9,14.0,15.3,16.8,18.4,20.4
P,IMT_U,44,11.9,12.9,14.0,15.3,16.8,18.5,20.4 
P,IMT_U,45,11.9,12.9,14.0,15.3,16.8,18.5,20.5 
P,IMT_U,46,11.9,12.9,14.0,15.3,16.8,18.5,20.5 
P,IMT_U,47,11.8,12.8,14.0,15.3,16.8,18.5,20.5 
P,IMT_U,48,11.8,12.8,14.0,15.3,16.8,18.5,20.6 
P,IMT_U,49,11.8,12.8,13.9,15.3,16.8,18.5,20.6 
P,IMT_U,50,11.8,12.8,13.9,15.3,16.8,18.6,20.7 
P,IMT_U,51,11.8,12.8,13.9,15.3,16.8,18.6,20.7 
P,IMT_U,52,11.7,12.8,13.9,15.2,16.8,18.6,20.7 
P,IMT_U,53,11.7,12.7,13.9,15.3,16.8,18.6,20.8 
P,IMT_U,54,11.7,12.7,13.9,15.3,16.8,18.7,20.8 
P,IMT_U,55,11.7,12.7,13.9,15.3,16.8,18.7,20.9 
P,IMT_U,56,11.7,12.7,13.9,15.3,16.8,18.7,20.9 
P,IMT_U,57,11.7,12.7,13.9,15.3,16.9,18.7,21.0 
P,IMT_U,58,11.7,12.7,13.9,15.3,16.9,18.8,21.0 
P,IMT_U,59,11.6,12.7,13.9,15.3,16.9,18.8,21.0 
P,IMT_U,60,11.6,12.7,13.9,15.3,16.9,18.8,21.1

L,IMT_U,61,12.1,13.0,14.1,15.3,16.6,18.3,20.2
L,IMT_U,62,12.1,13.0,14.1,15.3,16.6,18.3,20.2
L,IMT_U,63,12.1,13.0,14.1,15.3,16.7,18.3,20.2
L,IMT_U,64,12.1,13.0,14.1,15.3,16.7,18.3,20.3
L,IMT_U,65,12.1,13.0,14.1,15.3,16.7,18.3,20.3
L,IMT_U,66,12.1,13.0,14.1,15.3,16.7,18.4,20.4
L,IMT_U,67,12.1,13.0,14.1,15.3,16.7,18.4,20.4
L,IMT_U,68,12.1,13.0,14.1,15.3,16.7,18.4,20.5
L,IMT_U,69,12.1,13.0,14.1,15.3,16.7,18.4,20.5
L,IMT_U,70,12.1,13.0,14.1,15.3,16.7,18.5,20.6
L,IMT_U,71,12.1,13.0,14.1,15.3,16.7,18.5,20.6
L,IMT_U,72,12.1,13.0,14.1,15.3,16.8,18.5,20.7
L,IMT_U,73,12.1,13.0,14.1,15.3,16.8,18.6,20.8
L,IMT_U,74,12.2,13.1,14.1,15.3,16.8,18.6,20.8
L,IMT_U,75,12.2,13.1,14.1,15.3,16.8,18.6,20.9
L,IMT_U,76,12.2,13.1,14.1,15.4,16.8,18.7,21.0
L,IMT_U,77,12.2,13.1,14.1,15.4,16.9,18.7,21.0
L,IMT_U,78,12.2,13.1,14.1,15.4,16.9,18.7,21.1
L,IMT_U,79,12.2,13.1,14.1,15.4,16.9,18.8,21.2
L,IMT_U,80,12.2,13.1,14.2,15.4,16.9,18.8,21.3
L,IMT_U,81,12.2,13.1,14.2,15.4,17.0,18.9,21.3
L,IMT_U,82,12.2,13.1,14.2,15.4,17.0,18.9,21.4
L,IMT_U,83,12.2,13.1,14.2,15.5,17.0,19.0,21.5
L,IMT_U,84,12.3,13.1,14.2,15.5,17.0,19.0,21.6
L,IMT_U,85,12.3,13.2,14.2,15.5,17.1,19.1,21.7
L,IMT_U,86,12.3,13.2,14.2,15.5,17.1,19.1,21.8
L,IMT_U,87,12.3,13.2,14.3,15.5,17.1,19.2,21.9
L,IMT_U,88,12.3,13.2,14.3,15.6,17.2,19.2,22.0
L,IMT_U,89,12.3,13.2,14.3,15.6,17.2,19.3,22.0
L,IMT_U,90,12.3,13.2,14.3,15.6,17.2,19.3,22.1
L,IMT_U,91,12.3,13.2,14.3,15.6,17.3,19.4,22.2
L,IMT_U,92,12.3,13.2,14.3,15.6,17.3,19.4,22.4
L,IMT_U,93,12.4,13.3,14.3,15.7,17.3,19.5,22.5
L,IMT_U,94,12.4,13.3,14.4,15.7,17.4,19.6,22.6
L,IMT_U,95,12.4,13.3,14.4,15.7,17.4,19.6,22.7
L,IMT_U,96,12.4,13.3,14.4,15.7,17.4,19.7,22.8
L,IMT_U,97,12.4,13.3,14.4,15.8,17.5,19.7,22.9
L,IMT_U,98,12.4,13.3,14.4,15.8,17.5,19.8,23.0
L,IMT_U,99,12.4,13.3,14.4,15.8,17.5,19.9,23.1
L,IMT_U,100,12.4,13.4,14.5,15.8,17.6,19.9,23.3
L,IMT_U,101,12.5,13.4,14.5,15.9,17.6,20.0,23.4
L,IMT_U,102,12.5,13.4,14.5,15.9,17.7,20.1,23.5
L,IMT_U,103,12.5,13.4,14.5,15.9,17.7,20.1,23.6
L,IMT_U,104,12.5,13.4,14.5,15.9,17.7,20.2,23.8
L,IMT_U,105,12.5,13.4,14.6,16.0,17.8,20.3,23.9
L,IMT_U,106,12.5,13.5,14.6,16.0,17.8,20.3,24.0
L,IMT_U,107,12.5,13.5,14.6,16.0,17.9,20.4,24.2
L,IMT_U,108,12.6,13.5,14.6,16.0,17.9,20.5,24.3
L,IMT_U,109,12.6,13.5,14.6,16.1,18.0,20.5,24.4
L,IMT_U,110,12.6,13.5,14.7,16.1,18.0,20.6,24.6
L,IMT_U,111,12.6,13.5,14.7,16.1,18.0,20.7,24.7
L,IMT_U,112,12.6,13.6,14.7,16.2,18.1,20.8,24.9
L,IMT_U,113,12.6,13.6,14.7,16.2,18.1,20.8,25.0
L,IMT_U,114,12.7,13.6,14.8,16.2,18.2,20.9,25.1
L,IMT_U,115,12.7,13.6,14.8,16.3,18.2,21.0,25.3
L,IMT_U,116,12.7,13.6,14.8,16.3,18.3,21.1,25.5
L,IMT_U,117,12.7,13.7,14.8,16.3,18.3,21.2,25.6
L,IMT_U,118,12.7,13.7,14.9,16.4,18.4,21.2,25.8
L,IMT_U,119,12.8,13.7,14.9,16.4,18.4,21.3,25.9
L,IMT_U,120,12.8,13.7,14.9,16.4,18.5,21.4,26.1
L,IMT_U,121,12.8,13.8,15.0,16.5,18.5,21.5,26.2
L,IMT_U,122,12.8,13.8,15.0,16.5,18.6,21.6,26.4
L,IMT_U,123,12.8,13.8,15.0,16.6,18.6,21.7,26.6
L,IMT_U,124,12.9,13.8,15.0,16.6,18.7,21.7,26.7
L,IMT_U,125,12.9,13.9,15.1,16.6,18.8,21.8,26.9
L,IMT_U,126,12.9,13.9,15.1,16.7,18.8,21.9,27.0
L,IMT_U,127,12.9,13.9,15.1,16.7,18.9,22.0,27.2
L,IMT_U,128,13.0,13.9,15.2,16.8,18.9,22.1,27.4
L,IMT_U,129,13.0,14.0,15.2,16.8,19.0,22.2,27.5
L,IMT_U,130,13.0,14.0,15.2,16.9,19.0,22.3,27.7
L,IMT_U,131,13.0,14.0,15.3,16.9,19.1,22.4,27.9
L,IMT_U,132,13.1,14.1,15.3,16.9,19.2,22.5,28.0
L,IMT_U,133,13.1,14.1,15.3,17.0,19.2,22.5,28.2
L,IMT_U,134,13.1,14.1,15.4,17.0,19.3,22.6,28.4
L,IMT_U,135,13.1,14.1,15.4,17.1,19.3,22.7,28.5
L,IMT_U,136,13.2,14.2,15.5,17.1,19.4,22.8,28.7
L,IMT_U,137,13.2,14.2,15.5,17.2,19.5,22.9,28.8
L,IMT_U,138,13.2,14.2,15.5,17.2,19.5,23.0,29.0
L,IMT_U,139,13.2,14.3,15.6,17.3,19.6,23.1,29.2
L,IMT_U,140,13.3,14.3,15.6,17.3,19.7,23.2,29.3
L,IMT_U,141,13.3,14.3,15.7,17.4,19.7,23.3,29.5
L,IMT_U,142,13.3,14.4,15.7,17.4,19.8,23.4,29.6
L,IMT_U,143,13.4,14.4,15.7,17.5,19.9,23.5,29.8
L,IMT_U,144,13.4,14.5,15.8,17.5,19.9,23.6,30.0
L,IMT_U,145,13.4,14.5,15.8,17.6,20.0,23.7,30.1
L,IMT_U,146,13.5,14.5,15.9,17.6,20.1,23.8,30.3
L,IMT_U,147,13.5,14.6,15.9,17.7,20.2,23.9,30.4
L,IMT_U,148,13.5,14.6,16.0,17.8,20.2,24.0,30.6
L,IMT_U,149,13.6,14.6,16.0,17.8,20.3,24.1,30.7
L,IMT_U,150,13.6,14.7,16.1,17.9,20.4,24.2,30.9
L,IMT_U,151,13.6,14.7,16.1,17.9,20.4,24.3,31.0
L,IMT_U,152,13.7,14.8,16.2,18.0,20.5,24.4,31.1
L,IMT_U,153,13.7,14.8,16.2,18.0,20.6,24.5,31.3
L,IMT_U,154,13.7,14.8,16.3,18.1,20.7,24.6,31.4
L,IMT_U,155,13.8,14.9,16.3,18.2,20.8,24.7,31.6
L,IMT_U,156,13.8,14.9,16.4,18.2,20.8,24.8,31.7
L,IMT_U,157,13.8,15.0,16.4,18.3,20.9,24.9,31.8
L,IMT_U,158,13.9,15.0,16.5,18.4,21.0,25.0,31.9
L,IMT_U,159,13.9,15.1,16.5,18.4,21.1,25.1,32.1
L,IMT_U,160,14.0,15.1,16.6,18.5,21.1,25.2,32.2
L,IMT_U,161,14.0,15.2,16.6,18.6,21.2,25.2,32.3
L,IMT_U,162,14.0,15.2,16.7,18.6,21.3,25.3,32.4
L,IMT_U,163,14.1,15.2,16.7,18.7,21.4,25.4,32.6
L,IMT_U,164,14.1,15.3,16.8,18.7,21.5,25.5,32.7
L,IMT_U,165,14.1,15.3,16.8,18.8,21.5,25.6,32.8
L,IMT_U,166,14.2,15.4,16.9,18.9,21.6,25.7,32.9
L,IMT_U,167,14.2,15.4,17.0,18.9,21.7,25.8,33.0
L,IMT_U,168,14.3,15.5,17.0,19.0,21.8,25.9,33.1
L,IMT_U,169,14.3,15.5,17.1,19.1,21.8,26.0,33.2
L,IMT_U,170,14.3,15.6,17.1,19.1,21.9,26.1,33.3
L,IMT_U,171,14.4,15.6,17.2,19.2,22.0,26.2,33.4
L,IMT_U,172,14.4,15.7,17.2,19.3,22.1,26.3,33.5
L,IMT_U,173,14.5,15.7,17.3,19.3,22.2,26.4,33.5
L,IMT_U,174,14.5,15.7,17.3,19.4,22.2,26.5,33.6
L,IMT_U,175,14.5,15.8,17.4,19.5,22.3,26.5,33.7
L,IMT_U,176,14.6,15.8,17.4,19.5,22.4,26.6,33.8
L,IMT_U,177,14.6,15.9,17.5,19.6,22.5,26.7,33.9
L,IMT_U,178,14.6,15.9,17.5,19.6,22.5,26.8,33.9
L,IMT_U,179,14.7,16.0,17.6,19.7,22.6,26.9,34.0
L,IMT_U,180,14.7,16.0,17.6,19.8,22.7,27.0,34.1
L,IMT_U,181,14.7,16.1,17.7,19.8,22.8,27.1,34.1
L,IMT_U,182,14.8,16.1,17.8,19.9,22.8,27.1,34.2
L,IMT_U,183,14.8,16.1,17.8,20.0,22.9,27.2,34.3
L,IMT_U,184,14.8,16.2,17.9,20.0,23.0,27.3,34.3
L,IMT_U,185,14.9,16.2,17.9,20.1,23.0,27.4,34.4
L,IMT_U,186,14.9,16.3,18.0,20.1,23.1,27.4,34.5
L,IMT_U,187,15.0,16.3,18.0,20.2,23.2,27.5,34.5
L,IMT_U,188,15.0,16.3,18.1,20.3,23.3,27.6,34.6
L,IMT_U,189,15.0,16.4,18.1,20.3,23.3,27.7,34.6
L,IMT_U,190,15.0,16.4,18.2,20.4,23.4,27.7,34.7
L,IMT_U,191,15.1,16.5,18.2,20.4,23.5,27.8,34.7
L,IMT_U,192,15.1,16.5,18.2,20.5,23.5,27.9,34.8
L,IMT_U,193,15.1,16.5,18.3,20.6,23.6,27.9,34.8
L,IMT_U,194,15.2,16.6,18.3,20.6,23.7,28.0,34.8
L,IMT_U,195,15.2,16.6,18.4,20.7,23.7,28.1,34.9
L,IMT_U,196,15.2,16.7,18.4,20.7,23.8,28.1,34.9
L,IMT_U,197,15.3,16.7,18.5,20.8,23.8,28.2,35.0
L,IMT_U,198,15.3,16.7,18.5,20.8,23.9,28.3,35.0
L,IMT_U,199,15.3,16.8,18.6,20.9,24.0,28.3,35.0
L,IMT_U,200,15.3,16.8,18.6,20.9,24.0,28.4,35.1
L,IMT_U,201,15.4,16.8,18.7,21.0,24.1,28.5,35.1
L,IMT_U,202,15.4,16.9,18.7,21.0,24.2,28.5,35.1
L,IMT_U,203,15.4,16.9,18.7,21.1,24.2,28.6,35.2
L,IMT_U,204,15.4,16.9,18.8,21.1,24.3,28.6,35.2
L,IMT_U,205,15.5,17.0,18.8,21.2,24.3,28.7,35.2
L,IMT_U,206,15.5,17.0,18.9,21.2,24.4,28.7,35.2
L,IMT_U,207,15.5,17.0,18.9,21.3,24.4,28.8,35.3
L,IMT_U,208,15.5,17.1,18.9,21.3,24.5,28.9,35.3
L,IMT_U,209,15.6,17.1,19.0,21.4,24.5,28.9,35.3
L,IMT_U,210,15.6,17.1,19.0,21.4,24.6,29.0,35.3
L,IMT_U,211,15.6,17.1,19.1,21.5,24.7,29.0,35.4
L,IMT_U,212,15.6,17.2,19.1,21.5,24.7,29.1,35.4
L,IMT_U,213,15.6,17.2,19.1,21.6,24.8,29.1,35.4
L,IMT_U,214,15.7,17.2,19.2,21.6,24.8,29.2,35.4
L,IMT_U,215,15.7,17.3,19.2,21.7,24.9,29.2,35.4
L,IMT_U,216,15.7,17.3,19.2,21.7,24.9,29.2,35.4
L,IMT_U,217,15.7,17.3,19.3,21.8,25.0,29.3,35.4
L,IMT_U,218,15.7,17.3,19.3,21.8,25.0,29.3,35.5
L,IMT_U,219,15.7,17.4,19.3,21.8,25.1,29.4,35.5
L,IMT_U,220,15.8,17.4,19.4,21.9,25.1,29.4,35.5
L,IMT_U,221,15.8,17.4,19.4,21.9,25.1,29.5,35.5
L,IMT_U,222,15.8,17.4,19.4,22.0,25.2,29.5,35.5
L,IMT_U,223,15.8,17.5,19.5,22.0,25.2,29.5,35.5
L,IMT_U,224,15.8,17.5,19.5,22.0,25.3,29.6,35.5
L,IMT_U,225,15.8,17.5,19.5,22.1,25.3,29.6,35.5
L,IMT_U,226,15.8,17.5,19.6,22.1,25.4,29.6,35.5
L,IMT_U,227,15.8,17.5,19.6,22.2,25.4,29.7,35.5
L,IMT_U,228,15.9,17.6,19.6,22.2,25.4,29.7,35.5

P,IMT_U,61,11.8,12.7,13.9,15.2,16.9,18.9,21.3
P,IMT_U,62,11.8,12.7,13.9,15.2,16.9,18.9,21.4
P,IMT_U,63,11.8,12.7,13.9,15.2,16.9,18.9,21.5
P,IMT_U,64,11.8,12.7,13.9,15.2,16.9,18.9,21.5
P,IMT_U,65,11.7,12.7,13.9,15.2,16.9,19.0,21.6
P,IMT_U,66,11.7,12.7,13.9,15.2,16.9,19.0,21.7
P,IMT_U,67,11.7,12.7,13.9,15.2,16.9,19.0,21.7
P,IMT_U,68,11.7,12.7,13.9,15.3,17.0,19.1,21.8
P,IMT_U,69,11.7,12.7,13.9,15.3,17.0,19.1,21.9
P,IMT_U,70,11.7,12.7,13.9,15.3,17.0,19.1,22.0
P,IMT_U,71,11.7,12.7,13.9,15.3,17.0,19.2,22.1
P,IMT_U,72,11.7,12.7,13.9,15.3,17.0,19.2,22.1
P,IMT_U,73,11.7,12.7,13.9,15.3,17.0,19.3,22.2
P,IMT_U,74,11.7,12.7,13.9,15.3,17.0,19.3,22.3
P,IMT_U,75,11.7,12.7,13.9,15.3,17.1,19.3,22.4
P,IMT_U,76,11.7,12.7,13.9,15.3,17.1,19.4,22.5
P,IMT_U,77,11.7,12.7,13.9,15.3,17.1,19.4,22.6
P,IMT_U,78,11.7,12.7,13.9,15.3,17.1,19.5,22.7
P,IMT_U,79,11.7,12.7,13.9,15.3,17.2,19.5,22.8
P,IMT_U,80,11.7,12.7,13.9,15.3,17.2,19.6,22.9
P,IMT_U,81,11.7,12.7,13.9,15.4,17.2,19.6,23.0
P,IMT_U,82,11.7,12.7,13.9,15.4,17.2,19.7,23.1
P,IMT_U,83,11.7,12.7,13.9,15.4,17.3,19.7,23.2
P,IMT_U,84,11.8,12.7,13.9,15.4,17.3,19.8,23.3
P,IMT_U,85,11.8,12.7,13.9,15.4,17.3,19.8,23.4
P,IMT_U,86,11.8,12.8,14.0,15.4,17.4,19.9,23.5
P,IMT_U,87,11.8,12.8,14.0,15.5,17.4,20.0,23.6
P,IMT_U,88,11.8,12.8,14.0,15.5,17.4,20.0,23.7
P,IMT_U,89,11.8,12.8,14.0,15.5,17.5,20.1,23.9
P,IMT_U,90,11.8,12.8,14.0,15.5,17.5,20.1,24.0
P,IMT_U,91,11.8,12.8,14.0,15.5,17.5,20.2,24.1
P,IMT_U,92,11.8,12.8,14.0,15.6,17.6,20.3,24.2
P,IMT_U,93,11.8,12.8,14.1,15.6,17.6,20.3,24.4
P,IMT_U,94,11.9,12.9,14.1,15.6,17.6,20.4,24.5
P,IMT_U,95,11.9,12.9,14.1,15.7,17.7,20.5,24.6
P,IMT_U,96,11.9,12.9,14.1,15.7,17.7,20.6,24.8
P,IMT_U,97,11.9,12.9,14.1,15.7,17.8,20.6,24.9
P,IMT_U,98,11.9,12.9,14.2,15.7,17.8,20.7,25.1
P,IMT_U,99,11.9,12.9,14.2,15.8,17.9,20.8,25.2
P,IMT_U,100,11.9,13.0,14.2,15.8,17.9,20.9,25.3
P,IMT_U,101,12.0,13.0,14.2,15.8,18.0,20.9,25.5
P,IMT_U,102,12.0,13.0,14.3,15.9,18.0,21.0,25.6
P,IMT_U,103,12.0,13.0,14.3,15.9,18.1,21.1,25.8
P,IMT_U,104,12.0,13.0,14.3,15.9,18.1,21.2,25.9
P,IMT_U,105,12.0,13.1,14.3,16.0,18.2,21.3,26.1
P,IMT_U,106,12.1,13.1,14.4,16.0,18.2,21.3,26.2
P,IMT_U,107,12.1,13.1,14.4,16.1,18.3,21.4,26.4
P,IMT_U,108,12.1,13.1,14.4,16.1,18.3,21.5,26.5
P,IMT_U,109,12.1,13.2,14.5,16.1,18.4,21.6,26.7
P,IMT_U,110,12.1,13.2,14.5,16.2,18.4,21.7,26.8
P,IMT_U,111,12.2,13.2,14.5,16.2,18.5,21.8,27.0
P,IMT_U,112,12.2,13.2,14.6,16.3,18.6,21.9,27.2
P,IMT_U,113,12.2,13.3,14.6,16.3,18.6,21.9,27.3
P,IMT_U,114,12.2,13.3,14.6,16.3,18.7,22.0,27.5
P,IMT_U,115,12.3,13.3,14.7,16.4,18.7,22.1,27.6
P,IMT_U,116,12.3,13.4,14.7,16.4,18.8,22.2,27.8
P,IMT_U,117,12.3,13.4,14.7,16.5,18.8,22.3,27.9
P,IMT_U,118,12.3,13.4,14.8,16.5,18.9,22.4,28.1
P,IMT_U,119,12.4,13.4,14.8,16.6,19.0,22.5,28.2
P,IMT_U,120,12.4,13.5,14.8,16.6,19.0,22.6,28.4
P,IMT_U,121,12.4,13.5,14.9,16.7,19.1,22.7,28.5
P,IMT_U,122,12.4,13.5,14.9,16.7,19.2,22.8,28.7
P,IMT_U,123,12.5,13.6,15.0,16.8,19.2,22.8,28.8
P,IMT_U,124,12.5,13.6,15.0,16.8,19.3,22.9,29.0
P,IMT_U,125,12.5,13.6,15.0,16.9,19.4,23.0,29.1
P,IMT_U,126,12.5,13.7,15.1,16.9,19.4,23.1,29.3
P,IMT_U,127,12.6,13.7,15.1,17.0,19.5,23.2,29.4
P,IMT_U,128,12.6,13.7,15.2,17.0,19.6,23.3,29.6
P,IMT_U,129,12.6,13.8,15.2,17.1,19.6,23.4,29.7
P,IMT_U,130,12.7,13.8,15.3,17.1,19.7,23.5,29.9
P,IMT_U,131,12.7,13.8,15.3,17.2,19.8,23.6,30.0
P,IMT_U,132,12.7,13.9,15.3,17.2,19.9,23.7,30.2
P,IMT_U,133,12.8,13.9,15.4,17.3,19.9,23.8,30.3
P,IMT_U,134,12.8,14.0,15.4,17.4,20.0,23.9,30.5
P,IMT_U,135,12.8,14.0,15.5,17.4,20.1,24.0,30.6
P,IMT_U,136,12.9,14.0,15.5,17.5,20.2,24.1,30.8
P,IMT_U,137,12.9,14.1,15.6,17.5,20.2,24.2,30.9
P,IMT_U,138,12.9,14.1,15.6,17.6,20.3,24.3,31.1
P,IMT_U,139,13.0,14.2,15.7,17.7,20.4,24.4,31.2
P,IMT_U,140,13.0,14.2,15.7,17.7,20.5,24.5,31.4
P,IMT_U,141,13.0,14.3,15.8,17.8,20.6,24.7,31.5
P,IMT_U,142,13.1,14.3,15.8,17.9,20.6,24.8,31.6
P,IMT_U,143,13.1,14.3,15.9,17.9,20.7,24.9,31.8
P,IMT_U,144,13.2,14.4,16.0,18.0,20.8,25.0,31.9
P,IMT_U,145,13.2,14.4,16.0,18.1,20.9,25.1,32.0
P,IMT_U,146,13.2,14.5,16.1,18.1,21.0,25.2,32.2
P,IMT_U,147,13.3,14.5,16.1,18.2,21.1,25.3,32.3
P,IMT_U,148,13.3,14.6,16.2,18.3,21.1,25.4,32.4
P,IMT_U,149,13.3,14.6,16.2,18.3,21.2,25.5,32.6
P,IMT_U,150,13.4,14.7,16.3,18.4,21.3,25.6,32.7
P,IMT_U,151,13.4,14.7,16.3,18.5,21.4,25.7,32.8
P,IMT_U,152,13.5,14.8,16.4,18.5,21.5,25.8,33.0
P,IMT_U,153,13.5,14.8,16.4,18.6,21.6,25.9,33.1
P,IMT_U,154,13.5,14.8,16.5,18.7,21.6,26.0,33.2
P,IMT_U,155,13.6,14.9,16.6,18.7,21.7,26.1,33.3
P,IMT_U,156,13.6,14.9,16.6,18.8,21.8,26.2,33.4
P,IMT_U,157,13.6,15.0,16.7,18.9,21.9,26.3,33.6
P,IMT_U,158,13.7,15.0,16.7,18.9,22.0,26.4,33.7
P,IMT_U,159,13.7,15.1,16.8,19.0,22.0,26.5,33.8
P,IMT_U,160,13.8,15.1,16.8,19.1,22.1,26.6,33.9
P,IMT_U,161,13.8,15.2,16.9,19.1,22.2,26.7,34.0
P,IMT_U,162,13.8,15.2,16.9,19.2,22.3,26.8,34.1
P,IMT_U,163,13.9,15.2,17.0,19.3,22.4,26.9,34.2
P,IMT_U,164,13.9,15.3,17.0,19.3,22.4,27.0,34.3
P,IMT_U,165,13.9,15.3,17.1,19.4,22.5,27.1,34.4
P,IMT_U,166,14.0,15.4,17.1,19.4,22.6,27.1,34.5
P,IMT_U,167,14.0,15.4,17.2,19.5,22.7,27.2,34.6
P,IMT_U,168,14.0,15.4,17.2,19.6,22.7,27.3,34.7
P,IMT_U,169,14.1,15.5,17.3,19.6,22.8,27.4,34.7
P,IMT_U,170,14.1,15.5,17.3,19.7,22.9,27.5,34.8
P,IMT_U,171,14.1,15.6,17.4,19.7,22.9,27.6,34.9
P,IMT_U,172,14.1,15.6,17.4,19.8,23.0,27.7,35.0
P,IMT_U,173,14.2,15.6,17.5,19.9,23.1,27.7,35.1
P,IMT_U,174,14.2,15.7,17.5,19.9,23.1,27.8,35.1
P,IMT_U,175,14.2,15.7,17.6,20.0,23.2,27.9,35.2
P,IMT_U,176,14.3,15.7,17.6,20.0,23.3,28.0,35.3
P,IMT_U,177,14.3,15.8,17.6,20.1,23.3,28.0,35.4
P,IMT_U,178,14.3,15.8,17.7,20.1,23.4,28.1,35.4
P,IMT_U,179,14.3,15.8,17.7,20.2,23.5,28.2,35.5
P,IMT_U,180,14.4,15.9,17.8,20.2,23.5,28.2,35.5
P,IMT_U,181,14.4,15.9,17.8,20.3,23.6,28.3,35.6
P,IMT_U,182,14.4,15.9,17.8,20.3,23.6,28.4,35.7
P,IMT_U,183,14.4,16.0,17.9,20.4,23.7,28.4,35.7
P,IMT_U,184,14.5,16.0,17.9,20.4,23.7,28.5,35.8
P,IMT_U,185,14.5,16.0,17.9,20.4,23.8,28.5,35.8
P,IMT_U,186,14.5,16.0,18.0,20.5,23.8,28.6,35.8
P,IMT_U,187,14.5,16.1,18.0,20.5,23.9,28.6,35.9
P,IMT_U,188,14.5,16.1,18.0,20.6,23.9,28.7,35.9
P,IMT_U,189,14.5,16.1,18.1,20.6,24.0,28.7,36.0
P,IMT_U,190,14.6,16.1,18.1,20.6,24.0,28.8,36.0
P,IMT_U,191,14.6,16.2,18.1,20.7,24.1,28.8,36.0
P,IMT_U,192,14.6,16.2,18.2,20.7,24.1,28.9,36.1
P,IMT_U,193,14.6,16.2,18.2,20.7,24.1,28.9,36.1
P,IMT_U,194,14.6,16.2,18.2,20.8,24.2,29.0,36.1
P,IMT_U,195,14.6,16.2,18.2,20.8,24.2,29.0,36.1
P,IMT_U,196,14.6,16.2,18.3,20.8,24.3,29.0,36.2
P,IMT_U,197,14.6,16.3,18.3,20.9,24.3,29.1,36.2
P,IMT_U,198,14.7,16.3,18.3,20.9,24.3,29.1,36.2
P,IMT_U,199,14.7,16.3,18.3,20.9,24.4,29.1,36.2
P,IMT_U,200,14.7,16.3,18.3,20.9,24.4,29.2,36.2
P,IMT_U,201,14.7,16.3,18.4,21.0,24.4,29.2,36.3
P,IMT_U,202,14.7,16.3,18.4,21.0,24.4,29.2,36.3
P,IMT_U,203,14.7,16.3,18.4,21.0,24.5,29.3,36.3
P,IMT_U,204,14.7,16.4,18.4,21.0,24.5,29.3,36.3
P,IMT_U,205,14.7,16.4,18.4,21.1,24.5,29.3,36.3
P,IMT_U,206,14.7,16.4,18.4,21.1,24.6,29.3,36.3
P,IMT_U,207,14.7,16.4,18.5,21.1,24.6,29.4,36.3
P,IMT_U,208,14.7,16.4,18.5,21.1,24.6,29.4,36.3
P,IMT_U,209,14.7,16.4,18.5,21.1,24.6,29.4,36.3
P,IMT_U,210,14.7,16.4,18.5,21.2,24.6,29.4,36.3
P,IMT_U,211,14.7,16.4,18.5,21.2,24.7,29.4,36.3
P,IMT_U,212,14.7,16.4,18.5,21.2,24.7,29.5,36.3
P,IMT_U,213,14.7,16.4,18.5,21.2,24.7,29.5,36.3
P,IMT_U,214,14.7,16.4,18.5,21.2,24.7,29.5,36.3
P,IMT_U,215,14.7,16.4,18.6,21.2,24.8,29.5,36.3
P,IMT_U,216,14.7,16.4,18.6,21.3,24.8,29.5,36.3
P,IMT_U,217,14.7,16.5,18.6,21.3,24.8,29.5,36.3
P,IMT_U,218,14.7,16.5,18.6,21.3,24.8,29.6,36.3
P,IMT_U,219,14.7,16.5,18.6,21.3,24.8,29.6,36.3
P,IMT_U,220,14.7,16.5,18.6,21.3,24.8,29.6,36.3
P,IMT_U,221,14.7,16.5,18.6,21.3,24.9,29.6,36.2
P,IMT_U,222,14.7,16.5,18.6,21.3,24.9,29.6,36.2
P,IMT_U,223,14.7,16.5,18.6,21.4,24.9,29.6,36.2
P,IMT_U,224,14.7,16.5,18.6,21.4,24.9,29.6,36.2
P,IMT_U,225,14.7,16.5,18.7,21.4,24.9,29.6,36.2
P,IMT_U,226,14.7,16.5,18.7,21.4,24.9,29.6,36.2
P,IMT_U,227,14.7,16.5,18.7,21.4,25.0,29.7,36.2
P,IMT_U,228,14.7,16.5,18.7,21.4,25.0,29.7,36.2
